/2017/05/25/the-great-directives/   /blog/the-great-directives/
/2017/03/24/childhood-fears-deadly-caterpillar/ /blog/childhood-fears-deadly-caterpillar/
/2017/04/06/leave-people-better-found/  /blog/leave-people-better-found/
/2017/04/07/weve-debt-free-3-years-heres-weve-learned/  /blog/weve-debt-free-3-years-heres-weve-learned/
/2017/03/07/learn-from-everything/  /blog/learn-from-everything/
/2017/02/14/little-reasons-shes-perfect/    /blog/little-reasons-shes-perfect/
/2017/02/13/thank-someone-today/    /blog/thank-someone-today/
/2017/02/20/in-one-sentence/    /blog/in-one-sentence/
/2017/02/16/directives-better-career-growth/    /blog/directives-better-career-growth/
/2017/02/07/dont-play-loud-just-play-well/  /blog/dont-play-loud-just-play-well/
/2017/01/16/increase-capacity-good/ /blog/increase-capacity-good/
/2017/01/18/in-the-arena/   /blog/in-the-arena/
/2017/01/19/before-you-bend-the-rules/  /blog/before-you-bend-the-rules/
/2017/01/20/its-easy/   /blog/its-easy/
/2017/01/23/today/  /blog/today/
/2017/01/24/the-coward-and-the-hero/    /blog/the-coward-and-the-hero/
/2017/01/26/enemies/    /blog/enemies/
/2017/02/03/3-lessons-we-learned-from-moving-away-from-home/    /blog/3-lessons-we-learned-from-moving-away-from-home/
/2017/01/13/public-speaking-worst-case-scenario/    /blog/public-speaking-worst-case-scenario/
/2017/01/05/boost-life-skills-moving-away-from-home/    /blog/boost-life-skills-moving-away-from-home/
/2017/01/11/3-books-focused-productive-2017/    /blog/3-books-focused-productive-2017/
/2016/04/26/how-to-be-successful-overnight/ /blog/how-to-be-successful-overnight/
/2016/04/28/youre-only-as-good-as/  /blog/youre-only-as-good-as/
/2016/04/29/following-dreams-is-just-the-beginning/ /blog/following-dreams-is-just-the-beginning/
/2016/05/02/learn-dont-judge/   /blog/learn-dont-judge/
/2016/05/03/a-terrible-shame/   /blog/a-terrible-shame/
/2016/05/06/critics-are-easy-to-find/   /blog/critics-are-easy-to-find/
/2016/08/16/what-do-you-do/ /blog/what-do-you-do/
/2017/01/02/start-year-with-essential/  /blog/start-year-with-essential/
/2016/04/19/the-reward-for-doing-good/  /blog/the-reward-for-doing-good/
/2016/04/20/you-dont-have-to-stay/  /blog/you-dont-have-to-stay/
/2016/04/21/money-is-simple-but/    /blog/money-is-simple-but/
/2016/04/25/5-ways-do-great-work/   /blog/5-ways-do-great-work/
/2016/04/04/providing-value-rather-than-pursuing-passion/   /blog/providing-value-rather-than-pursuing-passion/
/2016/04/07/just-be-good-to-others/ /blog/just-be-good-to-others/
/2016/04/08/is-it-difficult-is-it-scary-its-probably-worth-it/  /blog/is-it-difficult-is-it-scary-its-probably-worth-it/
/2016/04/11/week-of-self-improvements/  /blog/week-of-self-improvements/
/2016/04/12/dont-avoid-the-trail/   /blog/dont-avoid-the-trail/
/2016/04/15/what-do-you-work-for/   /blog/what-do-you-work-for/
/2016/03/28/a-tip-on-defining-success/  /blog/a-tip-on-defining-success/
/2016/04/01/how-not-to-be-open-minded/  /blog/how-not-to-be-open-minded/
/2016/03/08/the-thing-about-people/ /blog/the-thing-about-people/
/2016/03/07/small-minds-in-small-worlds/    /blog/small-minds-in-small-worlds/
/2016/03/09/the-key-to-learning-any-skill/  /blog/the-key-to-learning-any-skill/
/2016/03/10/theres-power-in-encouraging-others/ /blog/theres-power-in-encouraging-others/
/2016/03/11/10-ways-to-have-a-better-conversation/  /blog/10-ways-to-have-a-better-conversation/
/2016/03/14/are-you-dwelling-on-the-past/   /blog/are-you-dwelling-on-the-past/
/2016/03/15/separate-fact-vs-feeling-for-better-conflict-resolution/    /blog/separate-fact-vs-feeling-for-better-conflict-resolution/
/2016/03/17/rule-of-thumb-finding-great-career/ /blog/rule-of-thumb-finding-great-career/
/2016/03/18/3-awesome-perks-of-good-money-habits/   /blog/3-awesome-perks-of-good-money-habits/
/2016/03/21/10-realizations-we-made-moving-far-from-home/   /blog/10-realizations-we-made-moving-far-from-home/
/2016/03/22/defining-your-anchors/  /blog/defining-your-anchors/
/2016/03/23/how-to-nail-an-interview/   /blog/how-to-nail-an-interview/
/2016/03/25/being-a-leader-starts-with-being-led/   /blog/being-a-leader-starts-with-being-led/
/2016/03/02/finding-the-badlands/   /blog/finding-the-badlands/
/2016/03/03/conversation-with-your-past-self/   /blog/conversation-with-your-past-self/
/2016/02/29/10-simple-things-that-will-enhance-your-life/   /blog/10-simple-things-that-will-enhance-your-life/
/2016/03/01/whats-worst-can-happen/ /blog/whats-worst-can-happen/
/2016/02/26/the-origins-of-creativity/  /blog/the-origins-of-creativity/
/2016/02/11/leave-home/ /blog/leave-home/
/2016/02/12/to-be-interesting-be-interested/    /blog/to-be-interesting-be-interested/
/2016/02/15/two-steps-for-massive-career-success/   /blog/two-steps-for-massive-career-success/
/2016/02/16/certainly-i-can/    /blog/certainly-i-can/
/2016/02/17/you-have-to-be-wrong/   /blog/you-have-to-be-wrong/
/2016/02/22/things-i-learned-about-money-in-2015/   /blog/things-i-learned-about-money-in-2015/
/2016/02/18/the-wise-investor/  /blog/the-wise-investor/
/2016/02/19/take-time-to-be-in-awe/ /blog/take-time-to-be-in-awe/
/2016/02/23/the-conversation-game/  /blog/the-conversation-game/
/2016/02/25/you-dont-have-to-be-perfect-just-be-consistent/ /blog/you-dont-have-to-be-perfect-just-be-consistent/
/2016/02/24/not-done-finding-secrets/   /blog/not-done-finding-secrets/
/2017/05/27/life-currency/  /blog/life-currency/
/2017/04/10/lessons-learned-125-million-mistake/    /blog/lessons-learned-125-million-mistake/
/2017/03/23/win-the-people/ /blog/win-the-people/
/2017/05/10/5-qualities-look-hiring-candidates/ /blog/5-qualities-look-hiring-candidates/
/2017/01/25/lessons-better-communication/   /blog/lessons-better-communication/
/2017/01/27/real-leadership/    /blog/real-leadership/
/2017/02/01/11-lessons-learned-new-manager/ /blog/11-lessons-learned-new-manager/
/2017/02/21/when-approaching-difficult-conversations-avoid-priming-discussion/  /blog/when-approaching-difficult-conversations-avoid-priming-discussion/
/2017/05/31/leadership-leaving-field/   /blog/leadership-leaving-field/
/2017/06/01/everyone-story-tell/    /blog/everyone-story-tell/
/2017/06/15/avoiding-the-downhill/  /blog/avoiding-the-downhill/
/2017/08/03/reduce-friction/    /blog/reduce-friction/
/2017/08/06/feed-peoples-need-praise/   /blog/feed-peoples-need-praise/
/2017/08/09/good-leaders-breathe/   /blog/good-leaders-breathe/
/2017/04/04/dont-ruin-game/ /blog/dont-ruin-game/
/2017/08/14/giving-away-answers/    /blog/giving-away-answers/
/2017/01/10/you-have-two-options/   /blog/you-have-two-options/
/2016/05/09/the-scary-ones/ /blog/the-scary-ones/
/2016/04/14/keep-this-in-mind-when-receiving-advice-from-others/    /blog/keep-this-in-mind-when-receiving-advice-from-others/
/2016/04/06/on-marrying-well/   /blog/on-marrying-well/
/2016/04/22/man-who-thinks-he-knows-everything/ /blog/man-who-thinks-he-knows-everything/
/2016/04/18/joy-of-great-parents/   /blog/joy-of-great-parents/
/2017/01/06/19-leadership-lessons-from-my-past-and-present-leaders/ /blog/19-leadership-lessons-from-my-past-and-present-leaders/
/2017/04/14/edit-more/  /blog/edit-more/
/2017/02/08/flossing-and-other-solutions/   /blog/flossing-and-other-solutions/
/2017/01/12/old-songs/  /blog/old-songs/
/2017/05/28/use-pick-3-rule-better-spending-habits/ /blog/use-pick-3-rule-better-spending-habits/
/2017/06/19/debt-tool-youre-probably-not-skilled-enough-use/    /blog/debt-tool-youre-probably-not-skilled-enough-use/
/2017/02/12/power-saving-one-thousand-dollars/  /blog/power-saving-one-thousand-dollars/
/2017/05/16/4-uncommon-truths-money/    /blog/4-uncommon-truths-money/
/2017/07/25/four-stages-financial-journey/  /blog/four-stages-financial-journey/
/2017/05/28/complete-guide-creating-budget-works/   /blog/complete-guide-creating-budget-works/
/2016/03/04/how-to-get-along-with-anyone/   /blog/how-to-get-along-with-anyone/
/2017/08/10/theodore-roosevelts-strenuous-life-can-teach-us-money/  /blog/what-theodore-roosevelts-strenuous-life-can-teach-us-about-money/
/2017/07/05/8-steps-mastering-art-budgeting/    /blog/8-steps-mastering-art-budgeting/
/2017/08/20/littlest-bully/ /blog/littlest-bully/
/2016/04/27/make-things-people-want-steal/  /blog/make-things-people-want-steal/
/2017/02/17/be-helpful/ /blog/be-helpful/
/2018/11/28/these-3-simple-rules-will-ensure-lasting-career-success/    /blog/3-simple-rules-that-ensure-lasting-career-success
/2017/04/17/the-servant-mindset/    /blog/the-servant-mindset/
/2017/05/17/dont-buy-things-buy-time/   /blog/dont-buy-things-buy-time/
/2017/01/03/wont-get-right-first-time/  /blog/wont-get-right-first-time/
/2020/04/27/your-job-is-completely-made-up/ /blog/your-job-is-completely-made-up/
/2020/04/28/why-should-anyone-learn-to-code/    /blog/why-should-anyone-learn-to-code/
/2020/04/30/animal-crossing-brings-out-my-inner-miser-and-i-hate-it/    /blog/animal-crossing-brings-out-my-inner-miser-and-i-hate-it/
/2017/12/07/bad-artist-evolves/ /blog/how-the-bad-artist-improves
/2018/05/08/manager-readme/ /readme
/2017/06/21/learned-pyramid-scheme-indoctrination/  /blog/the-multi-level-marketer-and-i
/2017/11/19/think-think-money/  /blog/what-we-think-about-when-we-think-about-money/
/2019/06/23/31-lessons-learned-in-31-years/ /blog/31-lessons-learned-in-31-years/
/2020/09/15/i-quit-my-job-with-no-plan-should-you-do-the-same/  /blog/i-quit-my-job-with-no-plan-should-you-do-the-same/
/2018/06/28/things-could-be-better/ /blog/things-could-be-better/
/2017/04/05/diminishing-returns/    /blog/diminishing-returns/
/2020/04/29/chuck-palahniuks-reading-list-for-aspiring-fiction-writers/ /blog/chuck-palahniuks-reading-list-for-aspiring-fiction-writers/
/2017/05/01/two-books-will-make-better-writer/  /blog/two-books-will-make-better-writer/
/2017/02/02/how-to-make-time-for-writing/   /blog/how-to-make-time-for-writing/
/2017/01/30/write-everyday/ /blog/write-everyday/
/2017/01/08/writing-tip-bad-actor-feedback/ /blog/writing-tip-bad-actor-feedback/
/2018/11/14/on-making-peace-with-my-younger-self/   /blog/the-downhill-after-18/
/2020/10/05/i-will-now-gush-about-words/    /blog/i-will-now-gush-about-words/